block_size,cache_pct,cache_blocks,cache_bytes,t_start,t_end,cache_type,cache_hit_count,cache_miss_count,cache_miss_by_in_use,bytes_to_read,bytes_to_cache,bytes_from_hits,bytes_from_misses
65536,0,0,0,1777372209.001762650,1777372237.168777271,metadata,462630,8,0,,,,
65536,0,0,0,1777372209.001762650,1777372237.168777271,data,0,0,0,0,0,0,0
65536,0,0,0,1777372209.001762650,1777372237.168777271,file handle,2319,239,15,,,,
65536,0,0,0,1777372209.001762650,1777372237.168777271,glob,0,0,0,,,,
65536,20,53637,3515118166,1777372237.182580472,1777372820.533807665,metadata,462598,8,0,,,,
65536,20,53637,3515118166,1777372237.182580472,1777372820.533807665,data,269214,1053076,0,74633343315,86647788118,13614592002,61018751313
65536,20,53637,3515118166,1777372237.182580472,1777372820.533807665,file handle,2303,239,59,,,,
65536,20,53637,3515118166,1777372237.182580472,1777372820.533807665,glob,0,0,0,,,,
65536,40,107273,7030236332,1777372820.548530641,1777373279.033116332,metadata,462612,8,0,,,,
65536,40,107273,7030236332,1777372820.548530641,1777373279.033116332,data,905861,416429,0,74633343315,86647788118,50220241839,24413101476
65536,40,107273,7030236332,1777372820.548530641,1777373279.033116332,file handle,2310,239,15,,,,
65536,40,107273,7030236332,1777372820.548530641,1777373279.033116332,glob,0,0,0,,,,
65536,60,160910,10545354499,1777373279.047974464,1777373690.427110996,metadata,462622,8,0,,,,
65536,60,160910,10545354499,1777373279.047974464,1777373690.427110996,data,1084427,237863,0,74633343315,86647788118,60314838438,14318504877
65536,60,160910,10545354499,1777373279.047974464,1777373690.427110996,file handle,2315,239,17,,,,
65536,60,160910,10545354499,1777373279.047974464,1777373690.427110996,glob,0,0,0,,,,
65536,80,214546,14060472665,1777373690.439525328,1777374061.934442737,metadata,462622,8,0,,,,
65536,80,214546,14060472665,1777373690.439525328,1777374061.934442737,data,1142118,180172,0,74633343315,86647788118,63817911995,10815431320
65536,80,214546,14060472665,1777373690.439525328,1777374061.934442737,file handle,2315,239,18,,,,
65536,80,214546,14060472665,1777373690.439525328,1777374061.934442737,glob,0,0,0,,,,
65536,100,268183,17575590832,1777374061.948688845,1777374438.188728697,metadata,462618,8,0,,,,
65536,100,268183,17575590832,1777374061.948688845,1777374438.188728697,data,1142155,180135,0,74633343315,86647788118,63818073854,10815269461
65536,100,268183,17575590832,1777374061.948688845,1777374438.188728697,file handle,2314,238,43,,,,
65536,100,268183,17575590832,1777374061.948688845,1777374438.188728697,glob,0,0,0,,,,
262144,0,0,0,1777374438.201381150,1777374466.317716593,metadata,462630,8,0,,,,
262144,0,0,0,1777374438.201381150,1777374466.317716593,data,0,0,0,0,0,0,0
262144,0,0,0,1777374438.201381150,1777374466.317716593,file handle,2320,238,17,,,,
262144,0,0,0,1777374438.201381150,1777374466.317716593,glob,0,0,0,,,,
262144,20,13410,3515118166,1777374466.329191725,1777374655.868280553,metadata,462628,8,0,,,,
262144,20,13410,3515118166,1777374466.329191725,1777374655.868280553,data,91907,376576,0,74633343315,122763132570,10394777296,64238566019
262144,20,13410,3515118166,1777374466.329191725,1777374655.868280553,file handle,2318,239,18,,,,
262144,20,13410,3515118166,1777374466.329191725,1777374655.868280553,glob,0,0,0,,,,
262144,40,26819,7030236332,1777374655.883765129,1777374858.266824708,metadata,462622,8,0,,,,
262144,40,26819,7030236332,1777374655.883765129,1777374858.266824708,data,285991,182492,0,74633343315,122763132570,41721282878,32912060437
262144,40,26819,7030236332,1777374655.883765129,1777374858.266824708,file handle,2316,238,21,,,,
262144,40,26819,7030236332,1777374655.883765129,1777374858.266824708,glob,0,0,0,,,,
262144,60,40228,10545354499,1777374858.283016853,1777375022.327757722,metadata,462626,8,0,,,,
262144,60,40228,10545354499,1777374858.283016853,1777375022.327757722,data,397237,71246,0,74633343315,122763132570,61568482648,13064860667
262144,60,40228,10545354499,1777374858.283016853,1777375022.327757722,file handle,2317,239,16,,,,
262144,60,40228,10545354499,1777374858.283016853,1777375022.327757722,glob,0,0,0,,,,
262144,80,53637,14060472665,1777375022.343167738,1777375184.264265926,metadata,462628,8,0,,,,
262144,80,53637,14060472665,1777375022.343167738,1777375184.264265926,data,420515,47968,0,74633343315,122763132570,65489549527,9143793788
262144,80,53637,14060472665,1777375022.343167738,1777375184.264265926,file handle,2318,239,12,,,,
262144,80,53637,14060472665,1777375022.343167738,1777375184.264265926,glob,0,0,0,,,,
262144,100,67046,17575590832,1777375184.277733784,1777375354.384155389,metadata,462626,8,0,,,,
262144,100,67046,17575590832,1777375184.277733784,1777375354.384155389,data,420439,48044,0,74633343315,122763132570,65490244733,9143098582
262144,100,67046,17575590832,1777375184.277733784,1777375354.384155389,file handle,2318,238,15,,,,
262144,100,67046,17575590832,1777375184.277733784,1777375354.384155389,glob,0,0,0,,,,
524288,0,0,0,1777375354.400544375,1777375381.945998181,metadata,462628,8,0,,,,
524288,0,0,0,1777375354.400544375,1777375381.945998181,data,0,0,0,0,0,0,0
524288,0,0,0,1777375354.400544375,1777375381.945998181,file handle,2318,239,23,,,,
524288,0,0,0,1777375354.400544375,1777375381.945998181,glob,0,0,0,,,,
524288,20,6705,3515118166,1777375381.959430991,1777375518.245313917,metadata,462622,8,0,,,,
524288,20,6705,3515118166,1777375381.959430991,1777375518.245313917,data,69982,255910,0,74633343315,170763271834,13365959065,61267384250
524288,20,6705,3515118166,1777375381.959430991,1777375518.245313917,file handle,2315,239,14,,,,
524288,20,6705,3515118166,1777375381.959430991,1777375518.245313917,glob,0,0,0,,,,
524288,40,13410,7030236332,1777375518.261238769,1777375667.811869800,metadata,462622,8,0,,,,
524288,40,13410,7030236332,1777375518.261238769,1777375667.811869800,data,167833,158059,0,74633343315,170763271834,33953402076,40679941239
524288,40,13410,7030236332,1777375518.261238769,1777375667.811869800,file handle,2315,239,14,,,,
524288,40,13410,7030236332,1777375518.261238769,1777375667.811869800,glob,0,0,0,,,,
524288,60,20114,10545354499,1777375667.827647702,1777375801.341465184,metadata,462618,8,0,,,,
524288,60,20114,10545354499,1777375667.827647702,1777375801.341465184,data,277749,48143,0,74633343315,170763271834,62207547510,12425795805
524288,60,20114,10545354499,1777375667.827647702,1777375801.341465184,file handle,2314,238,16,,,,
524288,60,20114,10545354499,1777375667.827647702,1777375801.341465184,glob,0,0,0,,,,
524288,80,26819,14060472665,1777375801.355900598,1777375921.808842729,metadata,462622,8,0,,,,
524288,80,26819,14060472665,1777375801.355900598,1777375921.808842729,data,300067,25825,0,74633343315,170763271834,67490735632,7142607683
524288,80,26819,14060472665,1777375801.355900598,1777375921.808842729,file handle,2316,238,17,,,,
524288,80,26819,14060472665,1777375801.355900598,1777375921.808842729,glob,0,0,0,,,,
524288,100,33523,17575590832,1777375921.821205961,1777376044.056978702,metadata,462626,8,0,,,,
524288,100,33523,17575590832,1777375921.821205961,1777376044.056978702,data,300091,25801,0,74633343315,170763271834,67492474975,7140868340
524288,100,33523,17575590832,1777375921.821205961,1777376044.056978702,file handle,2317,239,18,,,,
524288,100,33523,17575590832,1777375921.821205961,1777376044.056978702,glob,0,0,0,,,,
1048576,0,0,0,1777376044.071819499,1777376071.016344590,metadata,462630,8,0,,,,
1048576,0,0,0,1777376044.071819499,1777376071.016344590,data,0,0,0,0,0,0,0
1048576,0,0,0,1777376044.071819499,1777376071.016344590,file handle,2319,239,18,,,,
1048576,0,0,0,1777376044.071819499,1777376071.016344590,glob,0,0,0,,,,
1048576,20,3353,3515118166,1777376071.027586002,1777376161.986047407,metadata,462630,8,0,,,,
1048576,20,3353,3515118166,1777376071.027586002,1777376161.986047407,data,80674,174101,0,74633343315,266952849937,23699799126,50933544189
1048576,20,3353,3515118166,1777376071.027586002,1777376161.986047407,file handle,2319,239,17,,,,
1048576,20,3353,3515118166,1777376071.027586002,1777376161.986047407,glob,0,0,0,,,,
1048576,40,6705,7030236332,1777376162.000690649,1777376276.380194606,metadata,462628,8,0,,,,
1048576,40,6705,7030236332,1777376162.000690649,1777376276.380194606,data,101355,153420,0,74633343315,266952849937,28696059266,45937284049
1048576,40,6705,7030236332,1777376162.000690649,1777376276.380194606,file handle,2319,238,18,,,,
1048576,40,6705,7030236332,1777376162.000690649,1777376276.380194606,glob,0,0,0,,,,
1048576,60,10057,10545354499,1777376276.395485018,1777376383.801828227,metadata,462620,8,0,,,,
1048576,60,10057,10545354499,1777376276.395485018,1777376383.801828227,data,191363,63412,0,74633343315,266952849937,54283478976,20349864339
1048576,60,10057,10545354499,1777376276.395485018,1777376383.801828227,file handle,2314,239,14,,,,
1048576,60,10057,10545354499,1777376276.395485018,1777376383.801828227,glob,0,0,0,,,,
1048576,80,13410,14060472665,1777376383.814748364,1777376470.077789920,metadata,462622,8,0,,,,
1048576,80,13410,14060472665,1777376383.814748364,1777376470.077789920,data,234500,20275,0,74633343315,266952849937,68096614177,6536729138
1048576,80,13410,14060472665,1777376383.814748364,1777376470.077789920,file handle,2316,238,18,,,,
1048576,80,13410,14060472665,1777376383.814748364,1777376470.077789920,glob,0,0,0,,,,
1048576,100,16762,17575590832,1777376470.092082415,1777376551.458411558,metadata,462626,8,0,,,,
1048576,100,16762,17575590832,1777376470.092082415,1777376551.458411558,data,240262,14513,0,74633343315,266952849937,69890886615,4742456700
1048576,100,16762,17575590832,1777376470.092082415,1777376551.458411558,file handle,2318,238,23,,,,
1048576,100,16762,17575590832,1777376470.092082415,1777376551.458411558,glob,0,0,0,,,,
